{"training_cindex": {"mean": 0.9907643284150268}, "validation_cindex": {"mean": 0.5868594041408335}, "_timestamp": 1656896444, "_runtime": 13, "_step": 19, "_wandb": {"runtime": 13}}