{"training_cindex": {"mean": 0.9942269671807038}, "validation_cindex": {"mean": 0.5754189653741487}, "_timestamp": 1656896638, "_runtime": 3, "_step": 2}