{"training_cindex": 0.9537382153036614, "validation_cindex": 0.7373626373626374, "_timestamp": 1656895177, "_runtime": 8, "_step": 19, "_wandb": {"runtime": 9}}