{"training_cindex": 0.9781840847704134, "validation_cindex": 0.6071428571428571, "_timestamp": 1656895646, "_runtime": 3, "_step": 19}