{"training_cindex": {"mean": 0.9921432476902214}, "validation_cindex": {"mean": 0.6030558348939323}, "_timestamp": 1656909350, "_runtime": 9, "_step": 19, "_wandb": {"runtime": 10}}